Feature,Importance
fe_te_major_x_industry,383
fe_te_race,362
fe_kmeans_dist_c1,361
fe_rigor_adjusted_gpa,336
fe_kmeans_dist_c0,293
fe_velocity_academic,233
fe_te_work_industry,228
fe_gmat_per_gpa,227
fe_academic_index,214
fe_velocity_gpa,205
fe_diff_gmat_work_industry,185
fe_kmeans_dist_c2,176
cat_gender_Female,173
fe_te_major,158
fe_pca_2,144
fe_gpa_x_gmat,142
fe_velocity_gmat,137
fe_academic_power,137
fe_z_gpa_work_industry,133
fe_z_gmat_work_industry,133
fe_diff_gpa_work_industry,130
fe_diff_gpa_major,108
fe_pca_1,105
fe_diff_gmat_major,83
fe_gpa_squared,73
cat_gender_Male,58
fe_is_tier2_feeder,53
fe_diff_gmat_gender,51
fe_sqrt_synergy,45
fe_z_gpa_major,44
fe_diff_gpa_gender,44
cat_work_industry_Consulting,42
fe_is_tier1_feeder,41
cat_race_White,37
fe_gmat_squared,37
fe_female_tier1_feeder,36
fe_z_gpa_gender,35
cat_international_False,34
cat_work_industry_PE/VC,33
cat_work_industry_Energy,30
cat_work_industry_Nonprofit/Gov,28
cat_race_Black,28
fe_z_gmat_major,25
cat_work_industry_Health Care,25
cat_international_True,19
cat_race_Asian,19
cat_major_STEM,17
fe_exp_sweet_spot_dev,17
cat_major_Humanities,17
cat_major_Business,16
fe_z_gmat_gender,15
cat_work_industry_Real Estate,14
cat_work_industry_CPG,14
cat_work_industry_Other,14
cat_work_industry_Financial Services,12
cat_race_Hispanic,12
cat_work_industry_Investment Management,12
fe_log_gmat,9
fe_female_high_credentials,8
fe_subpar_candidate,6
cat_work_industry_Technology,5
fe_exp_quadratic,5
cat_work_industry_Investment Banking,5
cat_race_Missing,5
fe_elite_candidate,4
fe_kmeans_cluster,4
fe_gmat_percentile,3
work_exp,2
cat_race_Other,1
gpa,1
fe_is_too_young,0
fe_is_sweet_spot,0
fe_is_over_exp,0
fe_solid_candidate,0
fe_intl_stem,0
gmat,0
cat_work_industry_Media/Entertainment,0
cat_work_industry_Retail,0
