Feature,Decision Tree,Random Forest,Gradient Boosting,Mean Importance
gmat,0.27891825665008857,0.27845473602663073,0.5292612437780713,0.36221141215159686
gpa,0.30161785448511175,0.28903977081259996,0.27040151839106,0.2870197145629239
work_exp,0.09606935226276331,0.0990369984454753,0.016144835071211595,0.0704170619264834
gender_Male,0.005510020564778901,0.01227060399866865,0.03900828476416247,0.018929636442536674
major_Business,0.029838792111225098,0.023238812946699175,0.002268184053770099,0.018448596370564792
major_Humanities,0.026665906027380854,0.024044241663781604,0.002013662991187299,0.01757460356078325
race_Black,0.01068894683841465,0.011314405875286542,0.028837063345489453,0.01694680535306355
work_industry_Nonprofit/Gov,0.01984412445174438,0.01749536083032853,0.009921345551380177,0.015753610277817697
work_industry_Consulting,0.01718309977482296,0.023574680436413448,0.003021200668048618,0.014592993626428344
work_industry_PE/VC,0.018564968710396423,0.017815361282431986,0.006681384969975184,0.014353904987601196
major_STEM,0.015851427686342554,0.02337422236960138,0.0017931247989081461,0.013672924951617359
gender_Female,0.01042743187157849,0.01200040015972253,0.016754791864625244,0.013060874631975422
race_Asian,0.021821485439247303,0.01432898654572216,0.00011791276170732823,0.012089461582225597
race_White,0.015132254076187672,0.015526480662834359,0.005445020479614048,0.012034585072878695
work_industry_Financial Services,0.009710005257970673,0.014474929865597815,0.00826473670085965,0.01081655727480938
work_industry_Technology,0.008699134872573315,0.016121799042846455,0.006943717136031747,0.010588217017150505
work_industry_Investment Management,0.007898591839083152,0.010207253301667404,0.01324858994951457,0.01045147836342171
race_Hispanic,0.007181644131962427,0.009495681867706624,0.011385163639472165,0.009354163213047072
work_industry_Health Care,0.016134102955264722,0.0107835294789348,0.0003874205437005482,0.00910168432596669
work_industry_Investment Banking,0.011830440603717065,0.01414933077950708,3.511687769121452e-16,0.008659923794408166
international_False,0.01232987238790417,0.007089935775353358,0.003235875365814333,0.00755189450969062
work_industry_Real Estate,0.006017200391575608,0.007556722269662161,0.008887323774707087,0.007487082145314951
work_industry_Other,0.010150081909860428,0.011912618567061882,0.00036650283889271137,0.007476401105271674
international_True,0.0130471381803988,0.007455625073274082,0.0009217571250615202,0.007141506792911467
race_Missing,0.010353267441931921,0.00824580375655281,0.0010125804232558359,0.006537217207246856
work_industry_CPG,0.00636694049647608,0.005926708745052053,0.00481984022308034,0.005704496488202824
race_Other,0.0064719655125351026,0.007615495362931231,0.0018117945479950628,0.005299751807820466
work_industry_Retail,0.0019783124426308173,0.002366748750374927,0.00492576875795144,0.0030902766503190615
work_industry_Media/Entertainment,0.001975561814934577,0.0036527112879517704,0.0008232356100567454,0.0021505029043143646
work_industry_Energy,0.0017218188110982838,0.0014300440193290185,0.0012961198743949855,0.0014826609016074294
